{
  "project_info": {
    "project_number": "916699869694",
    "firebase_url": "https://bdserveis-80f80-default-rtdb.europe-west1.firebasedatabase.app",
    "project_id": "bdserveis-80f80",
    "storage_bucket": "bdserveis-80f80.appspot.com"
  },
  "client": [
    {
      "client_info": {
        "mobilesdk_app_id": "1:916699869694:android:396fc1b93a405313ac90af",
        "android_client_info": {
          "package_name": "cat.copernic.ericbeltran.bdserveis"
        }
      },
      "oauth_client": [
        {
          "client_id": "916699869694-6t78h6ikcmdu30jieolninfvg1uqksmb.apps.googleusercontent.com",
          "client_type": 3
        }
      ],
      "api_key": [
        {
          "current_key": "AIzaSyD73YbptjR9UZoewz2LzCGrvtWeh8zEWvU"
        }
      ],
      "services": {
        "appinvite_service": {
          "other_platform_oauth_client": [
            {
              "client_id": "916699869694-6t78h6ikcmdu30jieolninfvg1uqksmb.apps.googleusercontent.com",
              "client_type": 3
            }
          ]
        }
      }
    }
  ],
  "configuration_version": "1"
}